id|title|creationDate
6459|Wall of Li Zhang|1265907523118
5989|Group for Kurt_Aland in Baiyin|1296048510937
5195|Group for David_Lloyd_George in Sampaloc|1304153868870
6886|Wall of Jesus Mendez|1277727137592
10054|Wall of Ammar David|1269674905005
5643|Wall of Rafael Fernández|1303307838166
7271|Wall of Roberto Fernandez|1264165559036
7897|Group for Keith_Richards in Dehradun|1276957634263
6514|Wall of Bruna Costa|1318170047358
6057|Group for Bertolt_Brecht in Moravia|1309134675392
4886|Wall of Abdul Wahid Jahani|1282203770167
11680|Wall of Shweta Sharma|1265666595330
11866|Wall of Bing Zheng|1296663699491
14889|Wall of Luis Rodriguez|1282817562603
5644|Wall of Cornelis Balawan|1302104446823
7238|Wall of Rafael Magomaev|1262819392096
5742|Wall of Eko Maulana Irama|1273722452173
5489|Wall of Rudolf Engel|1269867238362
4915|Wall of Arjun Anand|1290881721881
4432|Wall of Jose Costa|1300498716475
4788|Wall of Allister Miller|1271545907638
14353|Group for Guy_Forget in Banda_Aceh|1296972270903
3753|Wall of Lata Singh|1265105136632
6427|Wall of Hao Zhu|1286587419930
11133|Wall of Nicolae Antonescu|1282313965100
3954|Wall of Abdou Dia|1282656556393
5277|Wall of Abdullah Koksal|1323182926934
4140|Wall of Philibert Roindefo|1266571023438
7075|Wall of Wilhelm Schmidt|1273491001373
7304|Wall of Sanjay Singh|1295857723927
2571|Wall of Koji Kato|1290261854366
3423|Wall of Rafael Alves|1296805363320
11712|Group for Mahathir_Mohamad in Pedro_Escobedo|1310234641360
13431|Wall of A. Chatterjee|1318593882637
14574|Wall of Emad Mahmoud|1280958935741
14791|Wall of Alfonso Alvarez|1263200021882
4004|Wall of Hans Johansson|1263384476523
8140|Wall of Rahul Sharma|1277282925041
14379|Wall of Walter Becker|1286673697295
13236|Wall of A. Sharma|1301435611081
10160|Wall of Georgios Antoniou|1272698132253
10083|Wall of Hao Li|1281689474441
2834|Wall of Chen Yang|1262932905473
8764|Wall of John Chopra|1273184478738
2730|Wall of Fali Sam Nariman|1281295531233
10911|Wall of Evangelos Dionysiou|1288060091195
3528|Wall of Abdoulaye Djibo|1278364960702
11265|Wall of Eduardo Rodriguez|1280009307051
2810|Wall of Naresh Singh|1313056151541
6429|Wall of Karl Muller|1289131365341
14000|Wall of Joao Morais|1279823430915
14914|Wall of Bona Pinder Yayumayalolo Collinet|1303899439667
5549|Wall of Eric Mettacara|1292795303850
7534|Wall of Akira Takahashi|1264225908902
8255|Wall of Lin Zhang|1308209778826
1911|Wall of Abdul Rahman Balawan|1310070441128
1763|Wall of Daouda Malam Diori|1279051332682
9022|Wall of Emperor of Brazil Dom Pedro II|1326292596465
5164|Wall of Abdul Jamil Malik|1283402345747
3476|Wall of Arjun Khan|1325500935742
7185|Album 16 of Wilhelm Engel|1333728887260
4580|Album 4 of Adam Supinyo|1344913140579
12437|Album 7 of Shweta Kumar|1341132860613
4551|Album 9 of Bichang Li|1324517350725
4545|Album 0 of Bichang Li|1316399779169
4541|Album 15 of Warwick Raymond Akerman|1334844923157
7221|Album 10 of Lin Lei|1330031410481
12432|Album 1 of Shweta Kumar|1342992146489
4502|Album 16 of Meera Sharma|1315146186831
4678|Album 28 of Naresh Nair|1280145110317
4486|Album 25 of Alfred Sorongo Leakey|1347255591510
12807|Album 16 of Dionysis Karvelas|1331063934287
7262|Album 25 of Rafael Magomaev|1277170541331
4429|Album 17 of Ajuma Nasenyana Brar|1323663488037
7292|Album 19 of Ahmad Shah Aman|1321028395442
4425|Album 12 of Ajuma Nasenyana Brar|1336845708080
4407|Album 18 of Zhong Yang|1313933985713
4404|Album 15 of Zhong Yang|1307212356400
7312|Album 8 of Roberto Parra|1345473774483
4378|Album 19 of Wilson Agudelo|1338395925276
4370|Album 9 of Wilson Agudelo|1268971784282
4337|Album 9 of Peter Taylor|1275720906100
4326|Album 2 of Deepa Irani|1346227967196
7014|Album 5 of Yitzhak Peretz|1325399087240
4962|Album 9 of Wojciech Ciesla|1327757484756
4958|Album 4 of Wojciech Ciesla|1335405031798
4957|Album 0 of Wojciech Ciesla|1331192963694
6926|Album 11 of Hao Wang|1324313636267
6959|Album 20 of Hiroshi Yamada|1322994992550
4893|Album 5 of Tom Cauvin|1285691527892
4876|Album 24 of Yuki Yamada|1307884105382
6975|Album 3 of Adam Jasani|1337236098185
6976|Album 4 of Adam Jasani|1326897232291
12477|Album 9 of Jae-Jin Park|1340350776461
4860|Album 6 of Yuki Yamada|1319669162432
6994|Album 3 of Seyni Diori|1342622708536
6999|Album 0 of Paulo Ferreira|1346669420016
4294|Album 7 of Deepak Khan|1342809440051
4799|Album 12 of Prince Suzuki|1324632106714
12763|Album 3 of Deepak Singh|1319547376684
7036|Album 28 of Yitzhak Peretz|1309194115599
4782|Album 6 of Abdoulaye Khouma Dia|1338580380496
7052|Album 5 of Binh Nguyen|1296968967375
4767|Album 1 of Aleksandr Dobrunov|1337440351469
7067|Album 22 of Binh Nguyen|1320495601629
7089|Album 18 of Ricardo Alves|1316925508482
7116|Album 21 of Ian Smith|1333133055271
7124|Album 3 of Rodrigo Alves|1298463927101
4694|Album 11 of Gyula Kovacs|1300089514492
7145|Album 2 of Esti Verghese|1307604658145
3742|Album 8 of Peter Goenka|1346903154285
3936|Album 8 of Priyanka Khan|1346766414755
12873|Album 22 of Alfred Dijkstra|1270319084067
12879|Album 28 of Alfred Dijkstra|1316196285974
3866|Album 3 of Danijel Ali|1316725482694
3850|Album 18 of Gregorio Manalo|1267135472203
3823|Album 7 of Chan Han|1346607603160
7652|Album 7 of Hideo Suzuki|1309632384450
12889|Album 3 of Wei Yang|1316592926654
7673|Album 5 of Fritz Fischer|1275064882947
7674|Album 6 of Fritz Fischer|1285429149904
7677|Album 10 of Fritz Fischer|1304079846286
3768|Album 13 of Muhammad Gallagher|1293860919174
3938|Album 10 of Priyanka Khan|1337324094217
7698|Wall of Shweta Sharma|1280333243556
7721|Album 26 of Shweta Sharma|1341287778896
7733|Album 8 of Georgios Angello|1290212785954
7736|Album 11 of Georgios Angello|1338515746227
7740|Album 17 of Georgios Angello|1326143747493
7753|Album 5 of Amit Khan|1316226380815
3661|Album 10 of Fali Sam Price|1308004008354
7769|Album 23 of Amit Khan|1296206037410
3646|Album 14 of Joseph Linchuk|1308621870745
7788|Album 19 of Pavel Dryml|1312375086924
3636|Album 1 of Joseph Linchuk|1337652782739
3633|Album 20 of Mohammad Ali Hosseini|1306240437104
4086|Album 18 of Anna Kofler|1341610895220
4281|Album 17 of Bohuslav Herzigová|1322004736832
7362|Album 3 of Janos Kovacs|1329861577257
8977|Album 11 of Hans Becker|1314482149275
13626|Album 12 of Cesar Ha|1326097777450
11569|Album 26 of Karim Ambane|1338694783272
11283|Album 23 of Eduardo Rodriguez|1327453065177
11744|Album 7 of Bich Phuong Nguyen|1309923299241
11570|Album 27 of Karim Ambane|1309566863337
11545|Album 1 of Karim Ambane|1322516678598
11749|Album 13 of Bich Phuong Nguyen|1319973212712
11571|Album 28 of Karim Ambane|1332087708670
11577|Wall of John Kumar|1274231664976
13577|Album 9 of Hsin Chiang|1303540907751
11740|Album 3 of Bich Phuong Nguyen|1335574468702
13708|Album 11 of Karan Khan|1302753894182
10449|Album 9 of Werner Muller|1330476415578
10118|Album 8 of The Kunda|1326265316352
11293|Album 2 of Hermann Schmidt|1296912320181
9446|Album 8 of Chau Ha|1321104800420
13460|Album 10 of David Herzigová|1342019799861
3694|Album 9 of Bingbing Liu|1316851518600
6282|Album 5 of Richard Newton|1311337028164
9480|Album 6 of Abdul Rahman Rafiq|1346147410666
9477|Album 0 of Abdul Rahman Rafiq|1339959373656
14463|Album 18 of Aditya Singh|1330484093921
8311|Album 3 of Mikhail Sheik|1327091744467
2882|Album 15 of Dumitru David|1307304008493
6277|Album 0 of Richard Newton|1300446450063
1778|Album 15 of Daouda Malam Diori|1283434811780
2687|Album 5 of Cam Ho|1325788111396
1781|Album 18 of Daouda Malam Diori|1337879398822
5033|Album 10 of Michel David|1321967698248
11349|Album 4 of Howard Ha|1296951345536
15145|Album 25 of Amit Kumar|1290095474748
13295|Album 5 of Roberto Alvarez|1329946977583
7613|Album 8 of Richard Jones|1327719521412
3599|Album 9 of Alfonso Rodriguez|1333610839266
7614|Album 9 of Richard Jones|1336669852271
7605|Album 22 of Yang Chen|1342958518641
1775|Album 12 of Daouda Malam Diori|1345524295894
11026|Album 15 of Mikhail Popov|1300277962323
6878|Album 23 of Muhammad Balawan|1285130323258
8483|Album 14 of Anand Wattansin|1311328102893
3913|Album 17 of Adje van den Berg Vries|1343740300781
3905|Album 8 of Adje van den Berg Vries|1313489211083
8478|Album 9 of Anand Wattansin|1330215348979
6391|Wall of Mahinda De Silva|1324741655809
10053|Album 33 of Abdul Razzak Jahani|1282325615390
5028|Album 5 of Michel David|1340283740177
5152|Album 18 of Lei Zhao|1276234103659
14742|Album 10 of Alejandro Castillo|1346956638430
13812|Album 8 of Odile Gertze|1326929652887
14956|Album 6 of Robert Anderson|1329851935699
10051|Album 31 of Abdul Razzak Jahani|1344864156762
3971|Album 14 of Chen Zhang|1322188794899
6889|Album 0 of Manuel Gonzalez|1302579486198
10548|Album 17 of Leonid Makarova|1327738818819
3952|Album 26 of Priyanka Khan|1343106467327
14115|Album 24 of Asher Mamo|1327570338638
12136|Album 15 of Ashok Singh|1323745836194
10992|Album 10 of Paul Roberts|1331833435205
11355|Album 11 of Howard Ha|1282658456490
9355|Album 7 of Allu Khan|1301225247118
10225|Album 15 of Shweta Singh|1346331835040
11632|Album 5 of Renato Silva|1332526067004
3814|Album 6 of André Abdelli|1346656688341
8436|Album 19 of Chengdong Wu|1292376892451
11771|Album 17 of Asher Bahaina|1319539924379
2762|Album 9 of Abdul-Malik Hamdan|1305719431018
3838|Album 5 of Gregorio Manalo|1269723571665
15105|Album 6 of Shweta Khan|1322581239927
7647|Album 2 of Hideo Suzuki|1315793853957
10098|Album 14 of Akira Inoue|1339475649219
10101|Album 2 of Bolat Bajt|1326301803580
10457|Album 18 of Werner Muller|1295548287187
6377|Album 1 of Wei Chen|1345365184463
1755|Album 23 of Hassan Forouhar|1320034197610
3810|Album 0 of André Abdelli|1341743677544
2775|Album 0 of Babar Malik|1301416773266
7804|Album 12 of Howard Nguyen|1303893749910
5721|Album 12 of A. Khan|1336874717817
12282|Album 10 of Jie Wei|1341900087377
6361|Album 4 of Alim Guliyev|1346303778709
5144|Album 9 of Lei Zhao|1290513098442
3876|Album 14 of Danijel Ali|1335963465359
6875|Album 20 of Muhammad Balawan|1307082578834
14675|Album 21 of Carlos Abarca|1346963766568
10547|Album 16 of Leonid Makarova|1284164817599
13714|Album 19 of Karan Khan|1282700655502
8454|Album 6 of Li Li|1299779089828
8453|Album 5 of Li Li|1302257008820
6264|Album 25 of K. Sen|1346005713704
2745|Album 12 of Anna Gilels|1289941852668
10966|Album 4 of Andrei Kahnovich|1331427416619
6388|Album 13 of Wei Chen|1317157616234
14879|Album 19 of Carlos Rodriguez|1304970178946
3307|Album 17 of Cesar Gonzales|1319551109111
15113|Album 4 of Anh Pham|1344690149403
2753|Album 23 of Anna Gilels|1336037948286
3610|Album 21 of Alfonso Rodriguez|1305499637703
13791|Album 17 of Jose Garcia|1346302322329
14983|Album 5 of Donald Munro|1343575180130
11648|Album 0 of Michal Kaminski|1342892166846
2193|Album 12 of Bechir Cardinale|1322620866043
9052|Album 8 of Tom Mertens|1326051341635
5273|Album 15 of Wei Huang|1331843767151
13207|Album 14 of A. Singh|1304571668354
11692|Album 13 of Cedric Ako|1334787789847
8855|Album 8 of Babar Hussain|1341212699053
13101|Album 22 of Jonas Bergman|1270552268227
1921|Album 12 of Abdul Rahman Balawan|1317119460842
13851|Album 21 of David Smith|1285066208110
2202|Album 1 of Ajuma Nasenyana Ouma|1330117634620
3161|Album 5 of Don Ho|1296616895284
2206|Album 5 of Ajuma Nasenyana Ouma|1321824641506
3160|Album 4 of Don Ho|1293365851339
11196|Album 3 of Hao Zhao|1342196349227
8837|Album 24 of Richard Lawson|1286251112483
12003|Wall of Bryn Davies|1317864221981
11986|Album 9 of Kurt Becker|1343981887565
8190|Album 24 of Mahmoud Ali|1330402983147
12715|Album 7 of Andrius Dukauskaite|1344930674421
11658|Album 13 of Michal Kaminski|1320737883401
1996|Album 29 of Alexei Feltsman|1279938963393
11951|Album 5 of Eduardo Gonzalez|1342421953034
2507|Album 12 of Alexander Budjana|1276841381220
14255|Album 8 of Victor Hassan|1308958074027
6563|Album 12 of Alex Obanda Obuya|1283770490339
1845|Album 0 of Zheng Xu|1303214407456
3056|Album 9 of Abby Hassan|1336127555344
12829|Album 6 of Carlos Souza|1312392193908
11423|Album 14 of Cam Ha|1325874348314
1986|Album 18 of Alexei Feltsman|1299046651737
1846|Album 1 of Zheng Xu|1303528476817
12817|Album 29 of Dionysis Karvelas|1326896121685
8639|Album 4 of Carolina Alvarez|1286895029940
5485|Album 32 of Ali Brar|1315821087093
15198|Album 9 of Alfonso Rodriguez|1347168776754
4339|Album 11 of Peter Taylor|1289177500560
3346|Album 27 of Alcides Amador|1290653306521
9885|Album 9 of Rahul Singh|1344773681169
3059|Album 13 of Abby Hassan|1297063020043
13560|Album 21 of Chen Liu|1345034283969
6567|Album 16 of Alex Obanda Obuya|1279107964431
11592|Album 14 of John Kumar|1309735347403
9550|Album 14 of Babar Iqbal|1332689559212
11428|Album 19 of Cam Ha|1336850004060
9896|Album 23 of Rahul Singh|1340682372646
6565|Album 14 of Alex Obanda Obuya|1338375297299
3058|Album 12 of Abby Hassan|1314069422212
13369|Album 22 of Abraham Townsend|1337416094629
11640|Album 14 of Renato Silva|1343735044303
5404|Album 16 of Jun Li|1314955587843
2356|Album 7 of Nicolae David|1342439788400
7260|Album 22 of Rafael Magomaev|1279367406414
7980|Album 7 of Akashambatwa Kalaba|1344291692462
2357|Album 8 of Nicolae David|1347421896082
5408|Album 3 of Antonio Alvarez|1322254309386
13135|Album 22 of Fernando Alarcón|1307318390362
9811|Album 7 of Joao Oliveira|1343454350084
3365|Album 20 of Paul Becker|1300302273991
7981|Album 8 of Akashambatwa Kalaba|1307413841178
10485|Album 1 of Anson Wang|1343392398300
9560|Album 24 of Babar Iqbal|1343817310491
7267|Album 31 of Rafael Magomaev|1345515027848
10517|Album 8 of John Kumar|1342067620306
10706|Album 12 of Ning Wang|1323592563060
7902|Album 3 of John Kumar|1267555611631
14763|Album 9 of Rahim Zaland|1321213630450
4680|Album 30 of Naresh Nair|1328036942446
11484|Album 14 of Amjad Islam Ahsan|1324063847074
14008|Album 8 of Levy Patrick Latham|1316243178153
7164|Wall of Wilhelm Engel|1308793651254
6660|Album 6 of Ali Hasanov|1313808888382
6663|Album 10 of Ali Hasanov|1299554067796
14804|Album 11 of Alfonso Rodriguez|1323691849054
4646|Album 28 of Baby Yang|1287805074289
4656|Album 4 of Naresh Nair|1343121310698
6677|Album 27 of Ali Hasanov|1295767395727
5330|Album 12 of Aleksandr Efimkin|1321416278023
5327|Album 9 of Aleksandr Efimkin|1285947721309
11907|Album 5 of Sam Wang|1325134652047
4628|Album 7 of Baby Yang|1306205964076
4692|Album 9 of Gyula Kovacs|1294442578791
11507|Album 8 of Gheorghe Popescu|1327809876096
4697|Album 14 of Gyula Kovacs|1284490923560
7115|Album 20 of Ian Smith|1322997436822
14846|Album 20 of Kunal Kapoor|1340214921125
5290|Album 4 of Aleksandr Bajt|1344583003990
3728|Album 1 of Angelica Wong|1340353607249
7773|Album 2 of Pavel Dryml|1299355284006
5819|Album 23 of Abhishek Khan|1315732714378
13951|Album 10 of Alexander Popov|1340357347964
3684|Album 19 of David Anderson|1314277960656
3689|Album 3 of Bingbing Liu|1316870210917
5770|Album 30 of Eko Maulana Irama|1340182045992
12554|Album 5 of John Singh|1325754906489
12553|Album 4 of John Singh|1329968511529
6320|Album 20 of Ge Wei|1295314280614
11786|Album 10 of A. Singh|1333124267704
6322|Album 22 of Ge Wei|1302214594650
5748|Album 7 of Eko Maulana Irama|1283863127228
4029|Album 27 of Hans Johansson|1321686526657
14049|Album 25 of Boris Golovin|1308266097238
11999|Album 25 of Kurt Becker|1291208721756
13473|Album 26 of David Herzigová|1276665254085
8309|Album 1 of Mikhail Sheik|1328316869224
9366|Album 20 of Allu Khan|1328446392153
10115|Album 1 of The Kunda|1329705942592
15020|Album 29 of Chutima At-Savanon|1319492664038
15017|Album 24 of Chutima At-Savanon|1323293748963
2936|Album 14 of Emperor of Brazil Machado|1320603643106
8274|Album 7 of Jacques Michel|1342591242364
11984|Album 5 of Kurt Becker|1324817004715
9746|Album 17 of Dimitris Antoniou|1338884498811
2527|Album 1 of Paul Becker|1343783220013
10460|Album 21 of Werner Muller|1313017709257
1524|Album 26 of Eli Peretz|1332759641512
1531|Album 3 of Joseph Anderson|1344682184565
10915|Album 2 of Kenji Sakai|1310187890390
9908|Album 14 of Alexander Aflalo|1291812258631
2518|Album 25 of Alexander Budjana|1288350777972
8621|Album 2 of Hao Chen|1337141627091
13654|Album 2 of Nikhil Singh|1346298825824
3152|Album 25 of Karl Muller|1326680650195
12008|Album 6 of Ernest B Law-Yone|1335647653316
12029|Album 5 of Stanimir Ivanov|1340189507302
3095|Album 1 of K. Sharma|1313663714497
8152|Album 12 of Rahul Sharma|1344455490723
9128|Album 18 of Jimmy Burak|1343467772390
14917|Album 2 of Amir Lee|1318921958619
1951|Album 17 of Rogerio Alves|1333100827749
1956|Album 22 of Rogerio Alves|1318739579461
8133|Album 9 of Abby Avi|1333666265199
10423|Album 12 of Rahul Khan|1315291717573
10259|Album 10 of Paul Anderson|1338741273503
13528|Album 17 of Salim Ahmed Binalshibh|1313377817702
1972|Album 4 of Alexei Feltsman|1294413792583
10275|Album 1 of Dặng Dinh Hoang|1288503104250
11171|Album 4 of Abdoulaye Khouma Faye|1324914368910
1998|Album 0 of Anh Ha|1324912817927
3167|Album 12 of Don Ho|1318890008711
2012|Album 15 of Anh Ha|1278722487412
9075|Album 1 of Ali Kountche|1289816883659
8881|Album 3 of Abdul Aman|1311135222220
12976|Album 28 of Gyula Laszlo|1296818122552
9207|Album 27 of Esti Mamo Dego|1322549525523
8209|Album 14 of Abdul Baseer Khan|1339978872900
8841|Album 29 of Richard Lawson|1342762957180
10590|Album 6 of Nikhil Irani|1319895796153
8869|Album 24 of Babar Hussain|1278277146399
8200|Album 4 of Abdul Baseer Khan|1339682347910
12181|Album 6 of A. Gallagher|1343454750562
8876|Album 32 of Babar Hussain|1289585113850
8934|Album 10 of Mohammad Reza Forouhar|1325926087766
8193|Album 27 of Mahmoud Ali|1319672681523
10233|Album 23 of Shweta Singh|1296937580596
2174|Album 23 of Ali Lambo|1300062018342
12182|Album 8 of A. Gallagher|1345224170770
8187|Album 21 of Mahmoud Ali|1317463004612
9159|Album 7 of Jie Li|1326059532863
2172|Album 21 of Ali Lambo|1329463380864
8898|Album 22 of Abdul Aman|1338745062018
2072|Album 1 of Carlos Gonzalez|1341464320483
9048|Album 2 of Tom Mertens|1321745063984
8053|Album 3 of Emperor of Brazil Silva|1344974670176
10392|Album 12 of Bruno Oliveira|1317258544991
2064|Album 16 of Ahmad Mahmoud|1343490355835
9036|Album 4 of Sandor Kovacs|1345408309991
2106|Album 13 of Marc Ravalomanana|1327436467018
9031|Album 10 of Emperor of Brazil Dom Pedro II|1345792946801
3294|Album 4 of Cesar Gonzales|1316012392335
2101|Album 8 of Marc Ravalomanana|1286743977076
8059|Album 11 of Emperor of Brazil Silva|1281460752816
8995|Album 8 of Marco Agreda|1337660604741
3273|Album 17 of Mehmet Ayhan|1319592786379
10361|Album 11 of Zhang Zhang|1324603899281
8997|Album 12 of Marco Agreda|1343512859572
8039|Album 7 of Alyaksey Akhiezer|1333429842344
12031|Album 7 of Stanimir Ivanov|1340780064387
2079|Album 3 of Anatoly Shevchenko|1344967903203
2085|Album 2 of Francois Pilika|1340729414972
9007|Album 8 of Aliagha Guliyev|1346329463875
2023|Album 26 of Anh Ha|1345825256690
9066|Album 23 of Tom Mertens|1290771260273
12211|Album 24 of Ousmane Faye|1342923887935
14283|Album 15 of Carlos Abarca|1329644566817
12959|Album 9 of Gyula Laszlo|1290109632177
8096|Album 19 of A. Kumar|1330507629887
10308|Album 10 of Abdul-Malik Binalshibh|1339199406962
3190|Album 9 of Wei Liu|1320905084592
3194|Album 13 of Wei Liu|1315689983798
14909|Album 23 of Luis Rodriguez|1319103525865
13176|Album 3 of Zdenek Herzigová|1327019298469
13562|Album 23 of Chen Liu|1325920252807
14176|Album 0 of Mirza Kalich Ali|1336929426259
13232|Album 17 of Jaime Rodriguez|1339865347730
4088|Album 20 of Anna Kofler|1284707767364
4400|Album 11 of Zhong Yang|1343385770233
2660|Album 11 of Bibit Rafiq|1314436460813
5158|Album 24 of Lei Zhao|1333218869440
4385|Album 28 of Wilson Agudelo|1318752428827
5399|Album 11 of Jun Li|1321104531035
1600|Wall of Alexei Popov|1296764575458
5396|Album 8 of Jun Li|1346582550092
4102|Album 9 of A. Budjana|1320751150397
12816|Album 28 of Dionysis Karvelas|1315243889717
4106|Album 13 of A. Budjana|1345072200502
13222|Album 6 of Jaime Rodriguez|1332151750945
9587|Album 26 of Collins Omondi Ouma|1305435904524
15101|Album 0 of Shweta Khan|1332358825808
8421|Album 3 of Chengdong Wu|1335802178771
12448|Album 7 of Ai Yang|1334859987911
6611|Album 5 of Yang Zhu|1324887427567
9793|Album 9 of Peter Smith|1337320495083
6443|Album 17 of Karl Muller|1306575368713
6133|Album 16 of Benedict Li|1301157725884
12584|Album 12 of John Kumar|1328191734098
7604|Album 21 of Yang Chen|1299455190146
11946|Wall of Eduardo Gonzalez|1277640020539
10257|Album 8 of Paul Anderson|1330126286509
11226|Album 26 of Heinz Frank|1273012635068
7655|Album 10 of Hideo Suzuki|1332019712679
12556|Album 8 of John Singh|1318132681661
7607|Album 0 of Richard Jones|1309515751718
6113|Album 28 of Fritz Richter|1281973452740
10961|Album 7 of Samuel Haarhoff|1332520116890
10285|Album 13 of Dặng Dinh Hoang|1328397170018
7638|Album 16 of Bakhytzan Aab|1344718777813
10763|Album 4 of Muhammad Iqbal|1316636764922
9993|Album 4 of A. Reddy|1302796242643
7634|Album 11 of Bakhytzan Aab|1345137003051
10746|Album 0 of Carlos Fernandez|1340883476267
7737|Album 14 of Georgios Angello|1325944756696
11213|Album 13 of Heinz Frank|1308152723055
11311|Album 20 of Hermann Schmidt|1324810374207
7672|Album 4 of Fritz Fischer|1323193088480
7928|Album 33 of John Kumar|1281430654683
9999|Album 11 of A. Reddy|1282577369189
4005|Album 0 of Hans Johansson|1279634408692
4006|Album 1 of Hans Johansson|1330704282667
4007|Album 2 of Hans Johansson|1345770725986
4008|Album 3 of Hans Johansson|1279210178673
4009|Album 4 of Hans Johansson|1294042715751
4010|Album 5 of Hans Johansson|1279868799757
4011|Album 6 of Hans Johansson|1285596033839
4012|Album 7 of Hans Johansson|1344434987914
4013|Album 8 of Hans Johansson|1293496647233
4014|Album 10 of Hans Johansson|1267666481337
4015|Album 12 of Hans Johansson|1286529027405
4016|Album 14 of Hans Johansson|1339513662387
4017|Album 15 of Hans Johansson|1286559899719
4018|Album 16 of Hans Johansson|1307978173650
4019|Album 17 of Hans Johansson|1344776011196
4020|Album 18 of Hans Johansson|1334369705308
4021|Album 19 of Hans Johansson|1274067466538
4022|Album 20 of Hans Johansson|1304568794175
4023|Album 21 of Hans Johansson|1265124446839
4024|Album 22 of Hans Johansson|1290687793153
4025|Album 23 of Hans Johansson|1343014631100
4026|Album 24 of Hans Johansson|1295462826313
4027|Album 25 of Hans Johansson|1344505054893
4028|Album 26 of Hans Johansson|1331814683509
4030|Album 28 of Hans Johansson|1286632769980
4031|Album 29 of Hans Johansson|1265339368380
4032|Album 30 of Hans Johansson|1310966038451
4033|Album 31 of Hans Johansson|1269791224507
4034|Album 32 of Hans Johansson|1284296030978
4035|Album 33 of Hans Johansson|1271840702081
4036|Album 34 of Hans Johansson|1283337579280
4037|Album 35 of Hans Johansson|1337252464424
7379|Wall of Alejandro Enriquez|1267624913104
7380|Album 0 of Alejandro Enriquez|1270505131174
7381|Album 1 of Alejandro Enriquez|1291084621386
7382|Album 2 of Alejandro Enriquez|1300948840729
7383|Album 3 of Alejandro Enriquez|1302240892999
7384|Album 4 of Alejandro Enriquez|1332367513667
7385|Album 5 of Alejandro Enriquez|1339521505585
7386|Album 6 of Alejandro Enriquez|1268696555184
7387|Album 7 of Alejandro Enriquez|1303871119899
7388|Album 8 of Alejandro Enriquez|1325536594614
7389|Album 9 of Alejandro Enriquez|1271255789088
7390|Album 10 of Alejandro Enriquez|1335140167033
7391|Album 11 of Alejandro Enriquez|1319867184521
7392|Album 13 of Alejandro Enriquez|1272346220107
7393|Album 14 of Alejandro Enriquez|1345324375605
7394|Album 15 of Alejandro Enriquez|1313990606004
7395|Album 16 of Alejandro Enriquez|1324802460432
7396|Album 17 of Alejandro Enriquez|1299700953688
7397|Album 18 of Alejandro Enriquez|1328366216021
7398|Album 19 of Alejandro Enriquez|1327893095124
7399|Album 20 of Alejandro Enriquez|1269306009243
7400|Album 21 of Alejandro Enriquez|1268927764113
7401|Album 22 of Alejandro Enriquez|1308351414188
7402|Album 23 of Alejandro Enriquez|1312658449439
7403|Album 24 of Alejandro Enriquez|1303433585944
7404|Album 25 of Alejandro Enriquez|1308768861804
7405|Album 26 of Alejandro Enriquez|1335568529350
7406|Album 27 of Alejandro Enriquez|1334244516641
7407|Album 28 of Alejandro Enriquez|1295959266915
7408|Album 29 of Alejandro Enriquez|1322393842732
7409|Album 30 of Alejandro Enriquez|1287168634084
7410|Album 31 of Alejandro Enriquez|1293819126138
7411|Album 32 of Alejandro Enriquez|1338070799972
7412|Album 33 of Alejandro Enriquez|1274739464594
2276|Wall of Prince Margaritoglou|1265409527214
2277|Album 0 of Prince Margaritoglou|1343758202435
2278|Album 1 of Prince Margaritoglou|1338873872779
2279|Album 2 of Prince Margaritoglou|1267791996279
2280|Album 3 of Prince Margaritoglou|1275122075293
2281|Album 4 of Prince Margaritoglou|1339398890716
2282|Album 6 of Prince Margaritoglou|1277399546803
2283|Album 7 of Prince Margaritoglou|1334002647923
2284|Album 8 of Prince Margaritoglou|1273915003133
2285|Album 9 of Prince Margaritoglou|1331303368663
2286|Album 10 of Prince Margaritoglou|1311065097604
2287|Album 11 of Prince Margaritoglou|1315090650916
2288|Album 12 of Prince Margaritoglou|1313766994360
2289|Album 13 of Prince Margaritoglou|1294818373466
2290|Album 14 of Prince Margaritoglou|1270183443200
2291|Album 15 of Prince Margaritoglou|1303036271730
2292|Album 16 of Prince Margaritoglou|1298815255874
2293|Album 17 of Prince Margaritoglou|1280651809881
2294|Album 18 of Prince Margaritoglou|1281503020689
2295|Album 19 of Prince Margaritoglou|1332845642952
2296|Album 20 of Prince Margaritoglou|1300722105689
2297|Album 21 of Prince Margaritoglou|1282501508777
2298|Album 22 of Prince Margaritoglou|1316766278313
2299|Album 23 of Prince Margaritoglou|1293996000351
2300|Album 24 of Prince Margaritoglou|1342320134629
2301|Album 25 of Prince Margaritoglou|1324777416562
2302|Album 26 of Prince Margaritoglou|1333471834536
2303|Album 27 of Prince Margaritoglou|1319963504507
2304|Album 28 of Prince Margaritoglou|1323652720626
2305|Album 29 of Prince Margaritoglou|1316687742328
2306|Album 30 of Prince Margaritoglou|1295091238396
2307|Album 31 of Prince Margaritoglou|1302224281601
2308|Album 33 of Prince Margaritoglou|1339602712841
2309|Album 34 of Prince Margaritoglou|1306770134546
12187|Wall of Ousmane Faye|1266756223240
12188|Album 0 of Ousmane Faye|1344921098725
12189|Album 1 of Ousmane Faye|1287426859490
12190|Album 2 of Ousmane Faye|1290137135226
12191|Album 3 of Ousmane Faye|1312064886598
12192|Album 4 of Ousmane Faye|1292412033969
12193|Album 5 of Ousmane Faye|1340990319502
12194|Album 6 of Ousmane Faye|1290844474203
12195|Album 7 of Ousmane Faye|1291771660855
12196|Album 8 of Ousmane Faye|1305436017626
12197|Album 9 of Ousmane Faye|1337099195486
12198|Album 10 of Ousmane Faye|1327652382317
12199|Album 11 of Ousmane Faye|1316660277381
12200|Album 12 of Ousmane Faye|1277059996210
12201|Album 13 of Ousmane Faye|1324937699330
12202|Album 15 of Ousmane Faye|1287363702942
12203|Album 16 of Ousmane Faye|1272684835978
12204|Album 17 of Ousmane Faye|1272393339097
12205|Album 18 of Ousmane Faye|1299878384238
12206|Album 19 of Ousmane Faye|1268725206595
12207|Album 20 of Ousmane Faye|1342914651896
12208|Album 21 of Ousmane Faye|1306187570753
12209|Album 22 of Ousmane Faye|1310403755021
12210|Album 23 of Ousmane Faye|1285121687901
12212|Album 25 of Ousmane Faye|1310291329430
12213|Album 26 of Ousmane Faye|1315758750363
12214|Album 27 of Ousmane Faye|1344025655763
12215|Album 28 of Ousmane Faye|1317061876747
12216|Album 29 of Ousmane Faye|1281767458314
12217|Album 30 of Ousmane Faye|1295295802301
12218|Album 31 of Ousmane Faye|1346833792546
12219|Album 32 of Ousmane Faye|1323589637608
12220|Album 33 of Ousmane Faye|1342222415939
11344|Wall of Howard Ha|1263551974246
11345|Album 0 of Howard Ha|1305523176675
11346|Album 1 of Howard Ha|1272676842473
11347|Album 2 of Howard Ha|1341647484619
11348|Album 3 of Howard Ha|1304379267362
11350|Album 6 of Howard Ha|1283882798105
11351|Album 7 of Howard Ha|1278066067765
11352|Album 8 of Howard Ha|1317189420807
11353|Album 9 of Howard Ha|1329872759910
11354|Album 10 of Howard Ha|1340627077992
11356|Album 12 of Howard Ha|1334930283872
11357|Album 14 of Howard Ha|1295730575400
11358|Album 15 of Howard Ha|1287405281798
11359|Album 16 of Howard Ha|1347515447514
11360|Album 17 of Howard Ha|1336965551014
11361|Album 18 of Howard Ha|1296994123559
11362|Album 19 of Howard Ha|1269798096686
11363|Album 20 of Howard Ha|1312313156259
11364|Album 21 of Howard Ha|1307166006715
11365|Album 22 of Howard Ha|1277272318895
11366|Album 23 of Howard Ha|1343635317977
11367|Album 24 of Howard Ha|1305628060071
11368|Album 25 of Howard Ha|1312457532341
11369|Album 26 of Howard Ha|1274202631481
11370|Album 27 of Howard Ha|1319538359847
11371|Album 28 of Howard Ha|1316264693446
11372|Album 29 of Howard Ha|1283532643042
11373|Album 31 of Howard Ha|1284127795778
11374|Album 32 of Howard Ha|1336279588561
11375|Album 33 of Howard Ha|1324059144653
11376|Album 34 of Howard Ha|1320384802338
11377|Album 35 of Howard Ha|1322625807760
13347|Wall of Abraham Townsend|1262897913771
13348|Album 0 of Abraham Townsend|1279914871207
13349|Album 1 of Abraham Townsend|1287114520044
13350|Album 2 of Abraham Townsend|1271839917953
13351|Album 3 of Abraham Townsend|1298800691736
13352|Album 4 of Abraham Townsend|1268518486229
13353|Album 6 of Abraham Townsend|1333377206732
13354|Album 7 of Abraham Townsend|1326916497425
13355|Album 8 of Abraham Townsend|1304171518111
13356|Album 9 of Abraham Townsend|1292597056195
13357|Album 10 of Abraham Townsend|1337751170233
13358|Album 11 of Abraham Townsend|1268579670086
13359|Album 12 of Abraham Townsend|1297283027346
13360|Album 13 of Abraham Townsend|1268378192446
13361|Album 14 of Abraham Townsend|1340745095118
13362|Album 15 of Abraham Townsend|1333312553002
13363|Album 16 of Abraham Townsend|1286912236836
13364|Album 17 of Abraham Townsend|1290892317810
13365|Album 18 of Abraham Townsend|1273602658337
13366|Album 19 of Abraham Townsend|1342505985237
13367|Album 20 of Abraham Townsend|1316084323466
13368|Album 21 of Abraham Townsend|1345948788554
13370|Album 23 of Abraham Townsend|1277273789479
13371|Album 24 of Abraham Townsend|1300862104843
13372|Album 25 of Abraham Townsend|1341023031277
13373|Album 27 of Abraham Townsend|1304126538606
13374|Album 28 of Abraham Townsend|1316295553795
13375|Album 29 of Abraham Townsend|1270260586618
13376|Album 30 of Abraham Townsend|1300865198345
13377|Album 31 of Abraham Townsend|1333707850472
13378|Album 32 of Abraham Townsend|1314263920895
13379|Album 34 of Abraham Townsend|1308366675897
13380|Album 35 of Abraham Townsend|1273241524952
10126|Wall of Shweta Khan|1262759739711
10127|Album 0 of Shweta Khan|1345275484133
10128|Album 1 of Shweta Khan|1309107743505
10129|Album 2 of Shweta Khan|1331426165426
10130|Album 3 of Shweta Khan|1320554803538
10131|Album 4 of Shweta Khan|1307470375718
10132|Album 5 of Shweta Khan|1272891308516
10133|Album 6 of Shweta Khan|1292281837474
10134|Album 7 of Shweta Khan|1306214425215
10135|Album 8 of Shweta Khan|1298013741149
10136|Album 9 of Shweta Khan|1311118453796
10137|Album 10 of Shweta Khan|1277281139888
10138|Album 11 of Shweta Khan|1339137925511
10139|Album 12 of Shweta Khan|1295051968736
10140|Album 13 of Shweta Khan|1265161879800
10141|Album 14 of Shweta Khan|1277748861610
10142|Album 15 of Shweta Khan|1279355517589
10143|Album 16 of Shweta Khan|1287957093896
10144|Album 17 of Shweta Khan|1269205906891
10145|Album 18 of Shweta Khan|1303723683775
10146|Album 20 of Shweta Khan|1330189528331
10147|Album 21 of Shweta Khan|1312700922307
10148|Album 22 of Shweta Khan|1334097392633
10149|Album 23 of Shweta Khan|1320847579021
10150|Album 24 of Shweta Khan|1269948623111
10151|Album 25 of Shweta Khan|1281186315786
10152|Album 27 of Shweta Khan|1289939571831
10153|Album 28 of Shweta Khan|1267149056995
10154|Album 29 of Shweta Khan|1347344581319
10155|Album 30 of Shweta Khan|1314896790183
10156|Album 32 of Shweta Khan|1313772363879
10157|Album 33 of Shweta Khan|1342573354956
10158|Album 34 of Shweta Khan|1287608016907
10159|Album 35 of Shweta Khan|1264249924863
10982|Wall of Paul Roberts|1264497732872
10983|Album 0 of Paul Roberts|1313345539253
10984|Album 2 of Paul Roberts|1286276903628
10985|Album 3 of Paul Roberts|1286354377792
10986|Album 4 of Paul Roberts|1288806455301
10987|Album 5 of Paul Roberts|1320243432164
10988|Album 6 of Paul Roberts|1330303782863
10989|Album 7 of Paul Roberts|1290585962837
10990|Album 8 of Paul Roberts|1314810026097
10991|Album 9 of Paul Roberts|1303050889515
10993|Album 11 of Paul Roberts|1344279297088
10994|Album 12 of Paul Roberts|1265097189185
10995|Album 13 of Paul Roberts|1306959399975
10996|Album 15 of Paul Roberts|1284438017546
10997|Album 16 of Paul Roberts|1324422929206
10998|Album 17 of Paul Roberts|1303710617786
10999|Album 18 of Paul Roberts|1339832639802
11000|Album 19 of Paul Roberts|1339357204074
11001|Album 20 of Paul Roberts|1321706897317
11002|Album 21 of Paul Roberts|1290647138766
11003|Album 22 of Paul Roberts|1306609401114
11004|Album 23 of Paul Roberts|1300147194300
11005|Album 24 of Paul Roberts|1334868903298
11006|Album 25 of Paul Roberts|1347421649442
11007|Album 26 of Paul Roberts|1286128624254
11008|Album 27 of Paul Roberts|1303922738934
11009|Album 28 of Paul Roberts|1282849893769
11010|Album 29 of Paul Roberts|1341426718157
11011|Album 30 of Paul Roberts|1291980300685
11012|Album 31 of Paul Roberts|1309548401584
11013|Album 32 of Paul Roberts|1327655689826
11014|Album 33 of Paul Roberts|1303373566100
11015|Album 34 of Paul Roberts|1328547791703
13078|Wall of Jonas Bergman|1270473147854
13079|Group for Woodrow_Wilson in Jönköping|1317802880166
13080|Group for Justify_My_Love in Jönköping|1287270809065
13081|Album 0 of Jonas Bergman|1314761525083
13082|Album 1 of Jonas Bergman|1288841618762
13083|Album 2 of Jonas Bergman|1288976644681
13084|Album 3 of Jonas Bergman|1345787145310
13085|Album 4 of Jonas Bergman|1287437183320
13086|Album 5 of Jonas Bergman|1331643190744
13087|Album 6 of Jonas Bergman|1343393408769
13088|Album 7 of Jonas Bergman|1327011703640
13089|Album 8 of Jonas Bergman|1286723794749
13090|Album 10 of Jonas Bergman|1282879196477
13091|Album 11 of Jonas Bergman|1283191832997
13092|Album 12 of Jonas Bergman|1311258651747
13093|Album 13 of Jonas Bergman|1323425442616
13094|Album 14 of Jonas Bergman|1341637113072
13095|Album 15 of Jonas Bergman|1322196438372
13096|Album 16 of Jonas Bergman|1294231438702
13097|Album 17 of Jonas Bergman|1322118076331
13098|Album 18 of Jonas Bergman|1289878356905
13099|Album 20 of Jonas Bergman|1285953340570
13100|Album 21 of Jonas Bergman|1280131454025
13102|Album 23 of Jonas Bergman|1343388509577
13103|Album 24 of Jonas Bergman|1342433994605
13104|Album 25 of Jonas Bergman|1271938211576
13105|Album 26 of Jonas Bergman|1289064145256
13106|Album 27 of Jonas Bergman|1279650217892
13107|Album 28 of Jonas Bergman|1323850393552
13108|Album 29 of Jonas Bergman|1279190547105
13109|Album 30 of Jonas Bergman|1309846580911
13110|Album 31 of Jonas Bergman|1334487985643
13111|Album 32 of Jonas Bergman|1276343422515
11543|Wall of Karim Ambane|1269472825861
11544|Album 0 of Karim Ambane|1331037560442
11546|Album 2 of Karim Ambane|1298812718165
11547|Album 3 of Karim Ambane|1285022293648
11548|Album 4 of Karim Ambane|1291443321801
11549|Album 5 of Karim Ambane|1343372530704
11550|Album 6 of Karim Ambane|1310355536927
11551|Album 7 of Karim Ambane|1321668639010
11552|Album 8 of Karim Ambane|1312296408090
11553|Album 9 of Karim Ambane|1313453244806
11554|Album 10 of Karim Ambane|1301087828417
11555|Album 11 of Karim Ambane|1305232728528
11556|Album 12 of Karim Ambane|1309333869949
11557|Album 13 of Karim Ambane|1324411137004
11558|Album 14 of Karim Ambane|1281963981787
11559|Album 16 of Karim Ambane|1294154815763
11560|Album 17 of Karim Ambane|1309369098189
11561|Album 18 of Karim Ambane|1315285773572
11562|Album 19 of Karim Ambane|1310190466147
11563|Album 20 of Karim Ambane|1307079072554
11564|Album 21 of Karim Ambane|1270620827726
11565|Album 22 of Karim Ambane|1296748688692
11566|Album 23 of Karim Ambane|1269563556473
11567|Album 24 of Karim Ambane|1341101581119
11568|Album 25 of Karim Ambane|1321864511123
11572|Album 29 of Karim Ambane|1285761427653
11573|Album 30 of Karim Ambane|1315328221657
11574|Album 31 of Karim Ambane|1293213905646
11575|Album 32 of Karim Ambane|1284627887835
6087|Wall of Fritz Richter|1265629314946
6088|Album 0 of Fritz Richter|1327642033619
6089|Album 1 of Fritz Richter|1330219481319
6090|Album 2 of Fritz Richter|1312260307558
6091|Album 3 of Fritz Richter|1321092097592
6092|Album 4 of Fritz Richter|1286046922462
6093|Album 5 of Fritz Richter|1343891317490
6094|Album 7 of Fritz Richter|1321110703903
6095|Album 8 of Fritz Richter|1303474276052
6096|Album 9 of Fritz Richter|1338080575950
6097|Album 10 of Fritz Richter|1276199973349
6098|Album 11 of Fritz Richter|1291811638753
6099|Album 12 of Fritz Richter|1271228378338
6100|Album 13 of Fritz Richter|1337009059740
6101|Album 14 of Fritz Richter|1284844594433
6102|Album 15 of Fritz Richter|1299886039258
6103|Album 16 of Fritz Richter|1291304206695
6104|Album 18 of Fritz Richter|1342414198972
6105|Album 20 of Fritz Richter|1287974478446
6106|Album 21 of Fritz Richter|1331993622115
6107|Album 22 of Fritz Richter|1284358665387
6108|Album 23 of Fritz Richter|1270324393868
6109|Album 24 of Fritz Richter|1345249433560
6110|Album 25 of Fritz Richter|1275195049772
6111|Album 26 of Fritz Richter|1329759194215
6112|Album 27 of Fritz Richter|1269647043708
6114|Album 29 of Fritz Richter|1334061859032
6115|Album 30 of Fritz Richter|1343560694189
6116|Album 31 of Fritz Richter|1308536474001
6117|Album 32 of Fritz Richter|1338865571520
6118|Album 33 of Fritz Richter|1322927835014
6119|Album 34 of Fritz Richter|1312541445212
6241|Wall of K. Sen|1262802863740
6242|Album 0 of K. Sen|1283460129478
6243|Album 1 of K. Sen|1263900540312
6244|Album 2 of K. Sen|1270908724579
6245|Album 4 of K. Sen|1278762872680
6246|Album 5 of K. Sen|1328967470122
6247|Album 6 of K. Sen|1323348321634
6248|Album 7 of K. Sen|1272789471541
6249|Album 8 of K. Sen|1344442346787
6250|Album 9 of K. Sen|1299706734481
6251|Album 11 of K. Sen|1283726579463
6252|Album 12 of K. Sen|1323609530820
6253|Album 13 of K. Sen|1269628264471
6254|Album 14 of K. Sen|1328854637505
6255|Album 15 of K. Sen|1297302065027
6256|Album 16 of K. Sen|1344617940832
6257|Album 17 of K. Sen|1345427584840
6258|Album 18 of K. Sen|1330951499364
6259|Album 19 of K. Sen|1279498207234
6260|Album 20 of K. Sen|1298451519717
6261|Album 21 of K. Sen|1325362297534
6262|Album 23 of K. Sen|1290726629548
6263|Album 24 of K. Sen|1317811574996
6265|Album 27 of K. Sen|1271678129870
6266|Album 28 of K. Sen|1320814418539
6267|Album 29 of K. Sen|1282693059931
6268|Album 30 of K. Sen|1305243452855
6269|Album 31 of K. Sen|1326490078648
6270|Album 32 of K. Sen|1328332972728
6271|Album 33 of K. Sen|1289562951022
6272|Album 34 of K. Sen|1276386406890
6273|Album 35 of K. Sen|1284177018535
10021|Wall of Abdul Razzak Jahani|1267534386446
10022|Album 0 of Abdul Razzak Jahani|1317591601870
10023|Album 1 of Abdul Razzak Jahani|1286253826380
10024|Album 2 of Abdul Razzak Jahani|1288761851845
10025|Album 3 of Abdul Razzak Jahani|1284308131075
10026|Album 4 of Abdul Razzak Jahani|1343027909001
10027|Album 5 of Abdul Razzak Jahani|1297476707911
10028|Album 7 of Abdul Razzak Jahani|1329543273468
10029|Album 8 of Abdul Razzak Jahani|1332046424952
10030|Album 9 of Abdul Razzak Jahani|1273350651157
10031|Album 10 of Abdul Razzak Jahani|1310877200160
10032|Album 11 of Abdul Razzak Jahani|1312675269747
10033|Album 12 of Abdul Razzak Jahani|1317741843258
10034|Album 13 of Abdul Razzak Jahani|1308696662437
10035|Album 14 of Abdul Razzak Jahani|1272007411410
10036|Album 15 of Abdul Razzak Jahani|1288415265714
10037|Album 17 of Abdul Razzak Jahani|1336597279896
10038|Album 18 of Abdul Razzak Jahani|1281584465955
10039|Album 19 of Abdul Razzak Jahani|1288736290035
10040|Album 20 of Abdul Razzak Jahani|1346208891669
10041|Album 21 of Abdul Razzak Jahani|1344129632254
10042|Album 22 of Abdul Razzak Jahani|1279586931641
10043|Album 23 of Abdul Razzak Jahani|1315590807334
10044|Album 24 of Abdul Razzak Jahani|1311925429330
10045|Album 25 of Abdul Razzak Jahani|1339291469247
10046|Album 26 of Abdul Razzak Jahani|1339202445322
10047|Album 27 of Abdul Razzak Jahani|1287465390331
10048|Album 28 of Abdul Razzak Jahani|1288843745182
10049|Album 29 of Abdul Razzak Jahani|1318130320127
10050|Album 30 of Abdul Razzak Jahani|1287888937355
10052|Album 32 of Abdul Razzak Jahani|1315982581579
7239|Album 0 of Rafael Magomaev|1323556038859
7240|Album 2 of Rafael Magomaev|1271632007825
7241|Album 3 of Rafael Magomaev|1341848516862
7242|Album 4 of Rafael Magomaev|1295615442368
7243|Album 5 of Rafael Magomaev|1267048119421
7244|Album 6 of Rafael Magomaev|1341779461410
7245|Album 7 of Rafael Magomaev|1324594621585
7246|Album 8 of Rafael Magomaev|1315427675583
7247|Album 9 of Rafael Magomaev|1276438250934
7248|Album 10 of Rafael Magomaev|1288300385625
7249|Album 11 of Rafael Magomaev|1299229154621
7250|Album 12 of Rafael Magomaev|1291670865253
7251|Album 13 of Rafael Magomaev|1294492585318
7252|Album 14 of Rafael Magomaev|1308688204727
7253|Album 15 of Rafael Magomaev|1336913983908
7254|Album 16 of Rafael Magomaev|1268242819572
7255|Album 17 of Rafael Magomaev|1327349317361
7256|Album 18 of Rafael Magomaev|1339124420593
7257|Album 19 of Rafael Magomaev|1342464942647
7258|Album 20 of Rafael Magomaev|1316989147491
7259|Album 21 of Rafael Magomaev|1280923728438
7261|Album 24 of Rafael Magomaev|1312554322369
7263|Album 26 of Rafael Magomaev|1300637437747
7264|Album 27 of Rafael Magomaev|1315108799027
7265|Album 28 of Rafael Magomaev|1271914911800
7266|Album 29 of Rafael Magomaev|1302735028227
7268|Album 32 of Rafael Magomaev|1322912419501
7269|Album 33 of Rafael Magomaev|1303646402093
7270|Album 34 of Rafael Magomaev|1299612973859
14793|Wall of Alfonso Rodriguez|1263912474166
14794|Album 0 of Alfonso Rodriguez|1318390922645
14795|Album 1 of Alfonso Rodriguez|1328355843577
14796|Album 2 of Alfonso Rodriguez|1288193980374
14797|Album 3 of Alfonso Rodriguez|1328694110202
14798|Album 4 of Alfonso Rodriguez|1288754343235
14799|Album 5 of Alfonso Rodriguez|1284862779705
14800|Album 6 of Alfonso Rodriguez|1266919382488
14801|Album 7 of Alfonso Rodriguez|1269005478810
14802|Album 8 of Alfonso Rodriguez|1269622014909
14803|Album 9 of Alfonso Rodriguez|1326781784595
14805|Album 13 of Alfonso Rodriguez|1323278696272
14806|Album 14 of Alfonso Rodriguez|1306607672330
14807|Album 15 of Alfonso Rodriguez|1323338028206
14808|Album 16 of Alfonso Rodriguez|1300138441887
14809|Album 17 of Alfonso Rodriguez|1334421582810
14810|Album 18 of Alfonso Rodriguez|1272363813704
14811|Album 20 of Alfonso Rodriguez|1347308908999
14812|Album 21 of Alfonso Rodriguez|1299235405402
14813|Album 22 of Alfonso Rodriguez|1309532106221
14814|Album 23 of Alfonso Rodriguez|1329932999004
14815|Album 24 of Alfonso Rodriguez|1286131858977
14816|Album 25 of Alfonso Rodriguez|1265427712896
14817|Album 26 of Alfonso Rodriguez|1293258977331
14818|Album 27 of Alfonso Rodriguez|1318932830804
14819|Album 28 of Alfonso Rodriguez|1296489046186
14820|Album 29 of Alfonso Rodriguez|1286209999583
14821|Album 30 of Alfonso Rodriguez|1284401486102
14822|Album 31 of Alfonso Rodriguez|1278217413857
14823|Album 32 of Alfonso Rodriguez|1288321006891
14824|Album 33 of Alfonso Rodriguez|1302030132166
14825|Album 34 of Alfonso Rodriguez|1343380226305
9988|Wall of A. Reddy|1266634288593
9989|Album 0 of A. Reddy|1343734657668
9990|Album 1 of A. Reddy|1293981590837
9991|Album 2 of A. Reddy|1339182094201
9992|Album 3 of A. Reddy|1270240686959
9994|Album 5 of A. Reddy|1268319620624
9995|Album 6 of A. Reddy|1325196635848
9996|Album 7 of A. Reddy|1318948049448
9997|Album 9 of A. Reddy|1343437600175
9998|Album 10 of A. Reddy|1340904410798
10000|Album 12 of A. Reddy|1336428623056
10001|Album 13 of A. Reddy|1327502194474
10002|Album 14 of A. Reddy|1286281443469
10003|Album 15 of A. Reddy|1296496835653
10004|Album 16 of A. Reddy|1296024587261
10005|Album 17 of A. Reddy|1339096129027
10006|Album 18 of A. Reddy|1332995275470
10007|Album 19 of A. Reddy|1315074426218
10008|Album 20 of A. Reddy|1296847839153
10009|Album 21 of A. Reddy|1308937382962
10010|Album 22 of A. Reddy|1313643866471
10011|Album 23 of A. Reddy|1337194383741
10012|Album 24 of A. Reddy|1272545359414
10013|Album 25 of A. Reddy|1301473577988
10014|Album 26 of A. Reddy|1339328994751
10015|Album 27 of A. Reddy|1341783326115
10016|Album 28 of A. Reddy|1295623713879
10017|Album 29 of A. Reddy|1303308444504
10018|Album 30 of A. Reddy|1325541138645
10019|Album 31 of A. Reddy|1326739256192
10020|Album 33 of A. Reddy|1317188056627
9312|Wall of Maria Alkaios|1262762360130
9313|Album 0 of Maria Alkaios|1302682037047
9314|Album 1 of Maria Alkaios|1294074474680
9315|Album 2 of Maria Alkaios|1288506826187
9316|Album 3 of Maria Alkaios|1340219683831
9317|Album 4 of Maria Alkaios|1281774186182
9318|Album 5 of Maria Alkaios|1311579575297
9319|Album 7 of Maria Alkaios|1304176324009
9320|Album 8 of Maria Alkaios|1271733965527
9321|Album 9 of Maria Alkaios|1277628279301
9322|Album 10 of Maria Alkaios|1267100613172
9323|Album 11 of Maria Alkaios|1334624840026
9324|Album 12 of Maria Alkaios|1346464920811
9325|Album 13 of Maria Alkaios|1308450281688
9326|Album 14 of Maria Alkaios|1326338976588
9327|Album 15 of Maria Alkaios|1316013293097
9328|Album 16 of Maria Alkaios|1308034879220
9329|Album 17 of Maria Alkaios|1315715248138
9330|Album 18 of Maria Alkaios|1326279757411
9331|Album 20 of Maria Alkaios|1311142090983
9332|Album 21 of Maria Alkaios|1277186415889
9333|Album 23 of Maria Alkaios|1324669408027
9334|Album 24 of Maria Alkaios|1317115037262
9335|Album 25 of Maria Alkaios|1333225773317
9336|Album 26 of Maria Alkaios|1268880603554
9337|Album 27 of Maria Alkaios|1323384233572
9338|Album 28 of Maria Alkaios|1288592909031
9339|Album 29 of Maria Alkaios|1269573364146
9340|Album 30 of Maria Alkaios|1335270990934
9341|Album 31 of Maria Alkaios|1265998002045
9342|Album 32 of Maria Alkaios|1344140835452
9343|Album 33 of Maria Alkaios|1314963990217
9344|Album 35 of Maria Alkaios|1310266957782
4172|Wall of Ali Diori|1264088098534
4173|Album 0 of Ali Diori|1288205898179
4174|Album 1 of Ali Diori|1321311429583
4175|Album 2 of Ali Diori|1299513989274
4176|Album 3 of Ali Diori|1328801165314
4177|Album 4 of Ali Diori|1327665416990
4178|Album 5 of Ali Diori|1323678406479
4179|Album 6 of Ali Diori|1306884620391
4180|Album 7 of Ali Diori|1292438559379
4181|Album 8 of Ali Diori|1293451594545
4182|Album 9 of Ali Diori|1299230402157
4183|Album 10 of Ali Diori|1329755731389
4184|Album 11 of Ali Diori|1266423370756
4185|Album 12 of Ali Diori|1280880346404
4186|Album 13 of Ali Diori|1270849964003
4187|Album 14 of Ali Diori|1286999838038
4188|Album 15 of Ali Diori|1345693760768
4189|Album 16 of Ali Diori|1274094449185
4190|Album 17 of Ali Diori|1342536282704
4191|Album 18 of Ali Diori|1281378920126
4192|Album 19 of Ali Diori|1280799635191
4193|Album 20 of Ali Diori|1321756525362
4194|Album 21 of Ali Diori|1322333056061
4195|Album 22 of Ali Diori|1335601115303
4196|Album 23 of Ali Diori|1276840848947
4197|Album 24 of Ali Diori|1290397299120
4198|Album 25 of Ali Diori|1333885444009
4199|Album 27 of Ali Diori|1311081583018
4200|Album 28 of Ali Diori|1298765757643
4201|Album 29 of Ali Diori|1273397415455
4202|Album 31 of Ali Diori|1285933468652
4203|Album 33 of Ali Diori|1281559033383
4204|Album 34 of Ali Diori|1334357025277
13661|Wall of Mee Vongvichit|1262939443298
13662|Album 0 of Mee Vongvichit|1335006088472
13663|Album 2 of Mee Vongvichit|1327010239623
13664|Album 3 of Mee Vongvichit|1279430158060
13665|Album 4 of Mee Vongvichit|1285482289001
13666|Album 5 of Mee Vongvichit|1271273296137
13667|Album 6 of Mee Vongvichit|1340005689498
13668|Album 7 of Mee Vongvichit|1284154745737
13669|Album 8 of Mee Vongvichit|1288688647333
13670|Album 9 of Mee Vongvichit|1283680875517
13671|Album 10 of Mee Vongvichit|1269684029367
13672|Album 11 of Mee Vongvichit|1318962408223
13673|Album 12 of Mee Vongvichit|1272053889407
13674|Album 13 of Mee Vongvichit|1292549903787
13675|Album 14 of Mee Vongvichit|1294255533813
13676|Album 15 of Mee Vongvichit|1268402380086
13677|Album 16 of Mee Vongvichit|1264523003169
13678|Album 17 of Mee Vongvichit|1279584194884
13679|Album 18 of Mee Vongvichit|1278547007403
13680|Album 19 of Mee Vongvichit|1284503689097
13681|Album 20 of Mee Vongvichit|1263018573378
13682|Album 21 of Mee Vongvichit|1292141193701
13683|Album 22 of Mee Vongvichit|1273476506231
13684|Album 23 of Mee Vongvichit|1335376025813
13685|Album 25 of Mee Vongvichit|1304929732695
13686|Album 26 of Mee Vongvichit|1269568452405
13687|Album 27 of Mee Vongvichit|1271918252569
13688|Album 29 of Mee Vongvichit|1264106050614
13689|Album 30 of Mee Vongvichit|1321404747591
13690|Album 32 of Mee Vongvichit|1274441096638
13691|Album 33 of Mee Vongvichit|1308271180471
13692|Album 34 of Mee Vongvichit|1314459695163
13693|Album 35 of Mee Vongvichit|1297495305131
3256|Wall of Mehmet Ayhan|1263171409283
3257|Album 0 of Mehmet Ayhan|1337658913992
3258|Album 1 of Mehmet Ayhan|1283867445926
3259|Album 2 of Mehmet Ayhan|1302556963676
3260|Album 3 of Mehmet Ayhan|1341272068356
3261|Album 5 of Mehmet Ayhan|1316136863375
3262|Album 6 of Mehmet Ayhan|1346506261159
3263|Album 7 of Mehmet Ayhan|1313828847471
3264|Album 8 of Mehmet Ayhan|1332993283165
3265|Album 9 of Mehmet Ayhan|1295885442069
3266|Album 10 of Mehmet Ayhan|1336940610369
3267|Album 11 of Mehmet Ayhan|1279993652492
3268|Album 12 of Mehmet Ayhan|1289272943849
3269|Album 13 of Mehmet Ayhan|1279937097938
3270|Album 14 of Mehmet Ayhan|1300958181725
3271|Album 15 of Mehmet Ayhan|1286246945310
3272|Album 16 of Mehmet Ayhan|1316824866319
3274|Album 18 of Mehmet Ayhan|1311351417384
3275|Album 19 of Mehmet Ayhan|1322706351207
3276|Album 20 of Mehmet Ayhan|1297900531110
3277|Album 22 of Mehmet Ayhan|1337308991453
3278|Album 23 of Mehmet Ayhan|1311336923277
3279|Album 24 of Mehmet Ayhan|1279211906279
3280|Album 25 of Mehmet Ayhan|1327069301876
3281|Album 26 of Mehmet Ayhan|1346420669234
3282|Album 27 of Mehmet Ayhan|1266997152417
3283|Album 28 of Mehmet Ayhan|1301392523653
3284|Album 29 of Mehmet Ayhan|1266546550961
3285|Album 30 of Mehmet Ayhan|1322939002672
3286|Album 31 of Mehmet Ayhan|1309675246205
3287|Album 33 of Mehmet Ayhan|1332326432448
3288|Album 35 of Mehmet Ayhan|1313016705795
7861|Wall of Ching Do|1264270875049
7862|Album 1 of Ching Do|1306301252688
7863|Album 2 of Ching Do|1338331862460
7864|Album 3 of Ching Do|1328959161547
7865|Album 4 of Ching Do|1311918814195
7866|Album 5 of Ching Do|1288657551005
7867|Album 6 of Ching Do|1306903209822
7868|Album 7 of Ching Do|1304862898607
7869|Album 8 of Ching Do|1302814083656
7870|Album 9 of Ching Do|1318963616527
7871|Album 10 of Ching Do|1294909240132
7872|Album 11 of Ching Do|1265181821495
7873|Album 12 of Ching Do|1296249329980
7874|Album 13 of Ching Do|1293483262162
7875|Album 14 of Ching Do|1330687375687
7876|Album 16 of Ching Do|1322058926277
7877|Album 17 of Ching Do|1300150666920
7878|Album 18 of Ching Do|1283363597775
7879|Album 19 of Ching Do|1344449334116
7880|Album 20 of Ching Do|1314769002431
7881|Album 21 of Ching Do|1264591242001
7882|Album 22 of Ching Do|1329811569699
7883|Album 23 of Ching Do|1312163391334
7884|Album 24 of Ching Do|1269827760510
7885|Album 25 of Ching Do|1322462825108
7886|Album 26 of Ching Do|1265412365163
7887|Album 27 of Ching Do|1285324811213
7888|Album 28 of Ching Do|1304225841321
7889|Album 29 of Ching Do|1279213058393
7890|Album 30 of Ching Do|1320153376075
7891|Album 31 of Ching Do|1304804788931
7892|Album 32 of Ching Do|1323235261270
7893|Album 34 of Ching Do|1283561732443
